type_id,value,mean_similarity,ranks_above_own_pole,worst_own_pole,in_top_decile,top_cells
type10_privacy_vs_care,kindness,0.170759,True,0.136175,False,type10_privacy_vs_care:CB-pvc-S3:agree_comply=0.237; type10_privacy_vs_care:CB-pvc-S3:oppose_tip_refuse=0.234; type10_privacy_vs_care:CB-pvc-S3:oppose_tip_comply=0.226
type10_privacy_vs_care,integrity,0.183634,True,0.136175,True,type10_privacy_vs_care:CB-pvc-S5:oppose_tip_refuse=0.253; type10_privacy_vs_care:CB-pvc-S5:agree_refuse=0.248; type10_privacy_vs_care:CB-pvc-S5:oppose_tip_comply=0.238
type10_privacy_vs_care,authority,0.152974,True,0.136175,False,type10_privacy_vs_care:CB-pvc-S6:agree_refuse=0.208; type10_privacy_vs_care:CB-pvc-S2:oppose_tip_refuse=0.202; type10_privacy_vs_care:CB-pvc-S6:agree_comply=0.201
type10_privacy_vs_care,loyalty,0.174400,True,0.136175,False,type10_privacy_vs_care:CB-pvc-S3:agree_comply=0.216; type10_privacy_vs_care:CB-pvc-S6:agree_comply=0.210; type10_privacy_vs_care:CB-pvc-S4:agree_refuse=0.202
type10_privacy_vs_care,fairness,0.211275,True,0.136175,True,type10_privacy_vs_care:CB-pvc-S4:agree_comply=0.303; type10_privacy_vs_care:CB-pvc-S4:agree_refuse=0.298; type10_privacy_vs_care:CB-pvc-S4:oppose_tip_refuse=0.291
type10_privacy_vs_care,desert,0.150027,True,0.136175,False,type10_privacy_vs_care:CB-pvc-S3:oppose_tip_refuse=0.196; type10_privacy_vs_care:CB-pvc-S2:agree_comply=0.196; type10_privacy_vs_care:CB-pvc-S3:agree_comply=0.188
type10_privacy_vs_care,mercy,0.189432,True,0.136175,True,type10_privacy_vs_care:CB-pvc-S4:agree_refuse=0.307; type10_privacy_vs_care:CB-pvc-S4:oppose_tip_refuse=0.291; type10_privacy_vs_care:CB-pvc-S4:oppose_tip_comply=0.280
type10_privacy_vs_care,tradition,0.136334,True,0.136175,False,type10_privacy_vs_care:CB-pvc-S6:agree_comply=0.222; type10_privacy_vs_care:CB-pvc-S6:oppose_tip_comply=0.201; type10_privacy_vs_care:CB-pvc-S6:oppose_tip_refuse=0.195
type12_autonomy_vs_collective,care,0.184706,True,0.156565,True,type12_autonomy_vs_collective:CB-acw-S4:oppose_tip_comply=0.273; type12_autonomy_vs_collective:CB-acw-S4:oppose_tip_refuse=0.259; type12_autonomy_vs_collective:CB-acw-S4:agree_comply=0.258
type12_autonomy_vs_collective,loyalty,0.226302,True,0.156565,True,type12_autonomy_vs_collective:CB-acw-S5:oppose_tip_comply=0.331; type12_autonomy_vs_collective:CB-acw-S4:oppose_tip_refuse=0.328; type12_autonomy_vs_collective:CB-acw-S5:oppose_tip_refuse=0.319
type12_autonomy_vs_collective,fairness,0.168277,True,0.156565,False,type12_autonomy_vs_collective:CB-acw-S4:oppose_tip_comply=0.266; type12_autonomy_vs_collective:CB-acw-S4:agree_refuse=0.253; type12_autonomy_vs_collective:CB-acw-S4:agree_comply=0.246
type1_honesty_vs_care,harm_avoidance,0.078708,True,0.063027,False,type1_honesty_vs_care:CB-hc-S3:agree_A=0.202; type1_honesty_vs_care:CB-hc-S3:agree_B=0.146; type1_honesty_vs_care:CB-hc-S1:agree_A=0.142
type1_honesty_vs_care,kindness,0.188286,True,0.063027,True,type1_honesty_vs_care:CB-hc-S3:agree_B=0.253; type1_honesty_vs_care:CB-hc-S1:agree_A=0.252; type1_honesty_vs_care:CB-hc-S2:oppose_tip_B=0.237
type1_honesty_vs_care,impartiality,0.071893,True,0.063027,False,type1_honesty_vs_care:CB-hc-S3:agree_A=0.155; type1_honesty_vs_care:CB-hc-S1:oppose_tip_A=0.142; type1_honesty_vs_care:CB-hc-S2:agree_A=0.109
type1_honesty_vs_care,loyalty,0.102995,True,0.063027,False,type1_honesty_vs_care:CB-hc-S1:agree_A=0.169; type1_honesty_vs_care:CB-hc-S3:agree_A=0.151; type1_honesty_vs_care:CB-hc-S1:agree_B=0.147
type1_honesty_vs_care,autonomy,0.092760,True,0.063027,False,type1_honesty_vs_care:CB-hc-S2:oppose_tip_B=0.193; type1_honesty_vs_care:CB-hc-S2:oppose_tip_A=0.179; type1_honesty_vs_care:CB-hc-S5:oppose_tip_A=0.178
type1_honesty_vs_care,desert,0.105211,True,0.063027,False,type1_honesty_vs_care:CB-hc-S3:agree_A=0.177; type1_honesty_vs_care:CB-hc-S4:agree_B=0.168; type1_honesty_vs_care:CB-hc-S3:agree_B=0.150
type1_honesty_vs_care,mercy,0.125916,True,0.063027,False,type1_honesty_vs_care:CB-hc-S2:agree_A=0.231; type1_honesty_vs_care:CB-hc-S3:agree_B=0.213; type1_honesty_vs_care:CB-hc-S2:oppose_tip_B=0.207
type2_privacy_vs_care,honesty,0.019128,True,0.014107,False,type2_privacy_vs_care:CB-pc-S4:oppose_tip_A=0.090; type2_privacy_vs_care:CB-pc-S4:agree_B=0.088; type2_privacy_vs_care:CB-pc-S4:oppose_tip_B=0.078
type2_privacy_vs_care,harm_avoidance,0.057317,True,0.014107,False,type2_privacy_vs_care:CB-pc-S1:oppose_tip_B=0.167; type2_privacy_vs_care:CB-pc-S1:oppose_tip_A=0.151; type2_privacy_vs_care:CB-pc-S4:agree_A=0.123
type2_privacy_vs_care,kindness,0.069998,True,0.014107,False,type2_privacy_vs_care:CB-pc-S4:oppose_tip_A=0.180; type2_privacy_vs_care:CB-pc-S4:agree_B=0.134; type2_privacy_vs_care:CB-pc-S4:oppose_tip_B=0.125
type2_privacy_vs_care,authority,0.014631,True,0.014107,False,type2_privacy_vs_care:CB-pc-S1:oppose_tip_A=0.078; type2_privacy_vs_care:CB-pc-S3:oppose_tip_A=0.068; type2_privacy_vs_care:CB-pc-S3:agree_B=0.059
type2_privacy_vs_care,loyalty,0.084714,True,0.014107,False,type2_privacy_vs_care:CB-pc-S1:oppose_tip_A=0.210; type2_privacy_vs_care:CB-pc-S1:oppose_tip_B=0.196; type2_privacy_vs_care:CB-pc-S5:oppose_tip_A=0.149
type2_privacy_vs_care,fairness,0.091072,True,0.014107,False,type2_privacy_vs_care:CB-pc-S1:oppose_tip_B=0.272; type2_privacy_vs_care:CB-pc-S1:oppose_tip_A=0.229; type2_privacy_vs_care:CB-pc-S1:agree_A=0.143
type2_privacy_vs_care,autonomy,0.076189,True,0.014107,False,type2_privacy_vs_care:CB-pc-S4:oppose_tip_B=0.136; type2_privacy_vs_care:CB-pc-S5:oppose_tip_A=0.128; type2_privacy_vs_care:CB-pc-S4:agree_A=0.116
type2_privacy_vs_care,desert,0.021415,True,0.014107,False,type2_privacy_vs_care:CB-pc-S4:agree_A=0.072; type2_privacy_vs_care:CB-pc-S4:oppose_tip_A=0.048; type2_privacy_vs_care:CB-pc-S3:oppose_tip_A=0.044
type2_privacy_vs_care,mercy,0.078300,True,0.014107,False,type2_privacy_vs_care:CB-pc-S3:oppose_tip_A=0.129; type2_privacy_vs_care:CB-pc-S5:oppose_tip_A=0.124; type2_privacy_vs_care:CB-pc-S4:oppose_tip_A=0.109
type2_privacy_vs_care,tradition,0.039860,True,0.014107,False,type2_privacy_vs_care:CB-pc-S1:oppose_tip_A=0.135; type2_privacy_vs_care:CB-pc-S1:oppose_tip_B=0.122; type2_privacy_vs_care:CB-pc-S4:oppose_tip_B=0.103
type3_mercy_vs_desert,harm_avoidance,0.045186,True,0.020782,False,type3_mercy_vs_desert:CB-md-S2:agree_B=0.132; type3_mercy_vs_desert:CB-md-S2:agree_A=0.125; type3_mercy_vs_desert:CB-md-S4:agree_A=0.116
type3_mercy_vs_desert,privacy,0.046218,True,0.020782,False,type3_mercy_vs_desert:CB-md-S1:agree_B=0.146; type3_mercy_vs_desert:CB-md-S1:oppose_tip_A=0.104; type3_mercy_vs_desert:CB-md-S1:oppose_tip_B=0.089
type3_mercy_vs_desert,kindness,0.027777,True,0.020782,False,type3_mercy_vs_desert:CB-md-S1:oppose_tip_A=0.075; type3_mercy_vs_desert:CB-md-S1:oppose_tip_B=0.067; type3_mercy_vs_desert:CB-md-S4:oppose_tip_B=0.055
type3_mercy_vs_desert,integrity,0.069356,True,0.020782,False,type3_mercy_vs_desert:CB-md-S4:agree_A=0.178; type3_mercy_vs_desert:CB-md-S4:agree_B=0.132; type3_mercy_vs_desert:CB-md-S4:oppose_tip_A=0.131
type3_mercy_vs_desert,impartiality,0.028373,True,0.020782,False,type3_mercy_vs_desert:CB-md-S4:agree_A=0.100; type3_mercy_vs_desert:CB-md-S4:agree_B=0.091; type3_mercy_vs_desert:CB-md-S4:oppose_tip_A=0.086
type3_mercy_vs_desert,authority,0.073920,True,0.020782,False,type3_mercy_vs_desert:CB-md-S2:oppose_tip_B=0.131; type3_mercy_vs_desert:CB-md-S3:agree_B=0.120; type3_mercy_vs_desert:CB-md-S1:oppose_tip_B=0.116
type3_mercy_vs_desert,care,0.104282,True,0.020782,False,type3_mercy_vs_desert:CB-md-S1:oppose_tip_B=0.205; type3_mercy_vs_desert:CB-md-S1:oppose_tip_A=0.178; type3_mercy_vs_desert:CB-md-S5:agree_A=0.174
type3_mercy_vs_desert,loyalty,0.111517,True,0.020782,False,type3_mercy_vs_desert:CB-md-S4:agree_A=0.166; type3_mercy_vs_desert:CB-md-S1:oppose_tip_B=0.153; type3_mercy_vs_desert:CB-md-S4:oppose_tip_A=0.143
type3_mercy_vs_desert,fairness,0.059780,True,0.020782,False,type3_mercy_vs_desert:CB-md-S1:oppose_tip_B=0.109; type3_mercy_vs_desert:CB-md-S1:oppose_tip_A=0.101; type3_mercy_vs_desert:CB-md-S3:oppose_tip_A=0.097
type3_mercy_vs_desert,autonomy,0.136950,True,0.020782,False,type3_mercy_vs_desert:CB-md-S5:agree_A=0.248; type3_mercy_vs_desert:CB-md-S1:oppose_tip_A=0.196; type3_mercy_vs_desert:CB-md-S5:oppose_tip_B=0.195
type3_mercy_vs_desert,collective_welfare,0.036419,True,0.020782,False,type3_mercy_vs_desert:CB-md-S1:oppose_tip_A=0.136; type3_mercy_vs_desert:CB-md-S2:agree_A=0.099; type3_mercy_vs_desert:CB-md-S1:oppose_tip_B=0.098
type3_mercy_vs_desert,tradition,0.108676,True,0.020782,False,type3_mercy_vs_desert:CB-md-S5:agree_A=0.190; type3_mercy_vs_desert:CB-md-S1:oppose_tip_B=0.181; type3_mercy_vs_desert:CB-md-S1:oppose_tip_A=0.173
type4_loyalty_vs_honesty,privacy,0.113912,True,0.077921,False,type4_loyalty_vs_honesty:CB-lh-S3:agree_A=0.184; type4_loyalty_vs_honesty:CB-lh-S4:agree_A=0.183; type4_loyalty_vs_honesty:CB-lh-S1:oppose_tip_A=0.180
type4_loyalty_vs_honesty,kindness,0.088847,True,0.077921,False,type4_loyalty_vs_honesty:CB-lh-S2:oppose_tip_A=0.129; type4_loyalty_vs_honesty:CB-lh-S2:agree_B=0.127; type4_loyalty_vs_honesty:CB-lh-S5:oppose_tip_A=0.127
type4_loyalty_vs_honesty,integrity,0.084556,True,0.077921,False,type4_loyalty_vs_honesty:CB-lh-S1:oppose_tip_A=0.167; type4_loyalty_vs_honesty:CB-lh-S3:oppose_tip_B=0.148; type4_loyalty_vs_honesty:CB-lh-S3:agree_A=0.145
type4_loyalty_vs_honesty,mercy,0.095236,True,0.077921,False,type4_loyalty_vs_honesty:CB-lh-S4:oppose_tip_B=0.153; type4_loyalty_vs_honesty:CB-lh-S2:oppose_tip_B=0.146; type4_loyalty_vs_honesty:CB-lh-S5:oppose_tip_B=0.142
type4_loyalty_vs_honesty,tradition,0.079763,True,0.077921,False,type4_loyalty_vs_honesty:CB-lh-S5:oppose_tip_B=0.184; type4_loyalty_vs_honesty:CB-lh-S5:oppose_tip_A=0.175; type4_loyalty_vs_honesty:CB-lh-S5:agree_B=0.164
type6_authority_vs_autonomy,kindness,0.119309,True,0.091554,False,type6_authority_vs_autonomy:CB-aa-S4:agree_A=0.187; type6_authority_vs_autonomy:CB-aa-S4:oppose_tip_A=0.171; type6_authority_vs_autonomy:CB-aa-S4:oppose_tip_B=0.152
type6_authority_vs_autonomy,care,0.171969,True,0.091554,False,type6_authority_vs_autonomy:CB-aa-S3:oppose_tip_B=0.249; type6_authority_vs_autonomy:CB-aa-S4:agree_B=0.231; type6_authority_vs_autonomy:CB-aa-S4:agree_A=0.231
type6_authority_vs_autonomy,desert,0.133075,True,0.091554,False,type6_authority_vs_autonomy:CB-aa-S4:oppose_tip_A=0.201; type6_authority_vs_autonomy:CB-aa-S1:oppose_tip_A=0.181; type6_authority_vs_autonomy:CB-aa-S4:agree_B=0.181
type6_authority_vs_autonomy,collective_welfare,0.130704,True,0.091554,False,type6_authority_vs_autonomy:CB-aa-S2:oppose_tip_B=0.212; type6_authority_vs_autonomy:CB-aa-S2:oppose_tip_A=0.207; type6_authority_vs_autonomy:CB-aa-S2:agree_B=0.196
type6_authority_vs_autonomy,tradition,0.159290,True,0.091554,False,type6_authority_vs_autonomy:CB-aa-S2:oppose_tip_B=0.225; type6_authority_vs_autonomy:CB-aa-S1:agree_A=0.202; type6_authority_vs_autonomy:CB-aa-S1:oppose_tip_A=0.199
type7_harm_vs_autonomy,honesty,0.024322,True,0.013594,False,type7_harm_vs_autonomy:CB-hva-S1:oppose_tip_refuse=0.100; type7_harm_vs_autonomy:CB-hva-S5:oppose_tip_refuse=0.075; type7_harm_vs_autonomy:CB-hva-S3:agree_refuse=0.071
type7_harm_vs_autonomy,privacy,0.049619,True,0.013594,False,type7_harm_vs_autonomy:CB-hva-S4:oppose_tip_refuse=0.151; type7_harm_vs_autonomy:CB-hva-S3:oppose_tip_comply=0.125; type7_harm_vs_autonomy:CB-hva-S5:oppose_tip_refuse=0.116
type7_harm_vs_autonomy,kindness,0.052309,True,0.013594,False,type7_harm_vs_autonomy:CB-hva-S1:oppose_tip_comply=0.104; type7_harm_vs_autonomy:CB-hva-S3:agree_refuse=0.102; type7_harm_vs_autonomy:CB-hva-S3:oppose_tip_comply=0.097
type7_harm_vs_autonomy,integrity,0.039017,True,0.013594,False,type7_harm_vs_autonomy:CB-hva-S3:oppose_tip_comply=0.145; type7_harm_vs_autonomy:CB-hva-S3:agree_comply=0.102; type7_harm_vs_autonomy:CB-hva-S2:oppose_tip_comply=0.088
type7_harm_vs_autonomy,impartiality,0.050131,True,0.013594,False,type7_harm_vs_autonomy:CB-hva-S2:oppose_tip_comply=0.127; type7_harm_vs_autonomy:CB-hva-S2:oppose_tip_refuse=0.110; type7_harm_vs_autonomy:CB-hva-S2:agree_comply=0.108
type7_harm_vs_autonomy,authority,0.019196,True,0.013594,False,type7_harm_vs_autonomy:CB-hva-S2:oppose_tip_comply=0.074; type7_harm_vs_autonomy:CB-hva-S3:oppose_tip_comply=0.072; type7_harm_vs_autonomy:CB-hva-S3:agree_refuse=0.064
type7_harm_vs_autonomy,care,0.107845,True,0.013594,False,type7_harm_vs_autonomy:CB-hva-S4:oppose_tip_refuse=0.192; type7_harm_vs_autonomy:CB-hva-S6:oppose_tip_comply=0.166; type7_harm_vs_autonomy:CB-hva-S4:agree_comply=0.154
type7_harm_vs_autonomy,loyalty,0.057876,True,0.013594,False,type7_harm_vs_autonomy:CB-hva-S6:oppose_tip_comply=0.143; type7_harm_vs_autonomy:CB-hva-S4:agree_comply=0.128; type7_harm_vs_autonomy:CB-hva-S6:agree_refuse=0.124
type7_harm_vs_autonomy,desert,0.072658,True,0.013594,False,type7_harm_vs_autonomy:CB-hva-S6:oppose_tip_comply=0.140; type7_harm_vs_autonomy:CB-hva-S6:agree_refuse=0.124; type7_harm_vs_autonomy:CB-hva-S5:agree_refuse=0.123
type7_harm_vs_autonomy,collective_welfare,0.107704,True,0.013594,False,type7_harm_vs_autonomy:CB-hva-S6:agree_refuse=0.201; type7_harm_vs_autonomy:CB-hva-S6:oppose_tip_comply=0.190; type7_harm_vs_autonomy:CB-hva-S6:agree_comply=0.177
type7_harm_vs_autonomy,sanctity,0.014915,True,0.013594,False,type7_harm_vs_autonomy:CB-hva-S3:oppose_tip_comply=0.094; type7_harm_vs_autonomy:CB-hva-S2:oppose_tip_refuse=0.082; type7_harm_vs_autonomy:CB-hva-S4:agree_refuse=0.067
type7_harm_vs_autonomy,tradition,0.066273,True,0.013594,False,type7_harm_vs_autonomy:CB-hva-S2:oppose_tip_refuse=0.130; type7_harm_vs_autonomy:CB-hva-S1:agree_refuse=0.115; type7_harm_vs_autonomy:CB-hva-S3:oppose_tip_comply=0.107
type8_harm_vs_privacy,care,0.145277,True,0.098846,False,type8_harm_vs_privacy:CB-hvp-S2:oppose_tip_refuse=0.198; type8_harm_vs_privacy:CB-hvp-S5:agree_refuse=0.194; type8_harm_vs_privacy:CB-hvp-S1:agree_refuse=0.191
type8_harm_vs_privacy,collective_welfare,0.100312,True,0.098846,False,type8_harm_vs_privacy:CB-hvp-S5:agree_refuse=0.176; type8_harm_vs_privacy:CB-hvp-S2:agree_comply=0.163; type8_harm_vs_privacy:CB-hvp-S4:oppose_tip_refuse=0.147
type8_harm_vs_privacy,tradition,0.138652,True,0.098846,False,type8_harm_vs_privacy:CB-hvp-S2:oppose_tip_refuse=0.273; type8_harm_vs_privacy:CB-hvp-S3:agree_refuse=0.255; type8_harm_vs_privacy:CB-hvp-S2:oppose_tip_comply=0.246
type9_harm_vs_integrity,honesty,0.053188,True,0.051331,False,type9_harm_vs_integrity:CB-hvi-S1:agree_refuse=0.137; type9_harm_vs_integrity:CB-hvi-S6:agree_refuse=0.115; type9_harm_vs_integrity:CB-hvi-S3:agree_refuse=0.106
type9_harm_vs_integrity,privacy,0.058300,True,0.051331,False,type9_harm_vs_integrity:CB-hvi-S3:agree_refuse=0.253; type9_harm_vs_integrity:CB-hvi-S1:agree_refuse=0.136; type9_harm_vs_integrity:CB-hvi-S1:oppose_tip_refuse=0.127
type9_harm_vs_integrity,kindness,0.115526,True,0.051331,False,type9_harm_vs_integrity:CB-hvi-S4:oppose_tip_comply=0.220; type9_harm_vs_integrity:CB-hvi-S4:oppose_tip_refuse=0.203; type9_harm_vs_integrity:CB-hvi-S4:agree_refuse=0.197
type9_harm_vs_integrity,impartiality,0.072187,True,0.051331,False,type9_harm_vs_integrity:CB-hvi-S3:agree_refuse=0.148; type9_harm_vs_integrity:CB-hvi-S1:agree_refuse=0.136; type9_harm_vs_integrity:CB-hvi-S3:oppose_tip_refuse=0.118
type9_harm_vs_integrity,authority,0.056708,True,0.051331,False,type9_harm_vs_integrity:CB-hvi-S3:agree_refuse=0.199; type9_harm_vs_integrity:CB-hvi-S3:oppose_tip_refuse=0.183; type9_harm_vs_integrity:CB-hvi-S3:oppose_tip_comply=0.172
type9_harm_vs_integrity,care,0.142040,True,0.051331,False,type9_harm_vs_integrity:CB-hvi-S3:oppose_tip_refuse=0.261; type9_harm_vs_integrity:CB-hvi-S3:oppose_tip_comply=0.246; type9_harm_vs_integrity:CB-hvi-S3:agree_refuse=0.195
type9_harm_vs_integrity,loyalty,0.089363,True,0.051331,False,type9_harm_vs_integrity:CB-hvi-S6:oppose_tip_comply=0.157; type9_harm_vs_integrity:CB-hvi-S5:oppose_tip_refuse=0.144; type9_harm_vs_integrity:CB-hvi-S3:oppose_tip_refuse=0.140
type9_harm_vs_integrity,autonomy,0.051667,True,0.051331,False,type9_harm_vs_integrity:CB-hvi-S3:agree_refuse=0.147; type9_harm_vs_integrity:CB-hvi-S6:agree_refuse=0.124; type9_harm_vs_integrity:CB-hvi-S1:agree_refuse=0.093
type9_harm_vs_integrity,desert,0.099694,True,0.051331,False,type9_harm_vs_integrity:CB-hvi-S3:oppose_tip_refuse=0.259; type9_harm_vs_integrity:CB-hvi-S3:oppose_tip_comply=0.250; type9_harm_vs_integrity:CB-hvi-S3:agree_comply=0.202
type9_harm_vs_integrity,mercy,0.072779,True,0.051331,False,type9_harm_vs_integrity:CB-hvi-S1:agree_refuse=0.158; type9_harm_vs_integrity:CB-hvi-S3:agree_refuse=0.130; type9_harm_vs_integrity:CB-hvi-S6:oppose_tip_refuse=0.126
type9_harm_vs_integrity,collective_welfare,0.114756,True,0.051331,False,type9_harm_vs_integrity:CB-hvi-S3:oppose_tip_refuse=0.246; type9_harm_vs_integrity:CB-hvi-S3:oppose_tip_comply=0.246; type9_harm_vs_integrity:CB-hvi-S3:agree_comply=0.202
type9_harm_vs_integrity,sanctity,0.052079,True,0.051331,False,type9_harm_vs_integrity:CB-hvi-S6:oppose_tip_comply=0.107; type9_harm_vs_integrity:CB-hvi-S1:agree_refuse=0.106; type9_harm_vs_integrity:CB-hvi-S2:agree_refuse=0.102
type9_harm_vs_integrity,tradition,0.110143,True,0.051331,False,type9_harm_vs_integrity:CB-hvi-S6:agree_refuse=0.230; type9_harm_vs_integrity:CB-hvi-S6:oppose_tip_comply=0.211; type9_harm_vs_integrity:CB-hvi-S6:agree_comply=0.158
