value,layer,split_half_cosine
authority,0,0.849037
authority,1,0.858254
authority,2,0.850953
authority,3,0.780462
authority,4,0.746234
authority,5,0.726851
authority,6,0.70341
authority,7,0.685417
authority,8,0.66784
authority,9,0.660306
authority,10,0.588225
authority,11,0.61049
authority,12,0.582224
authority,13,0.556299
authority,14,0.571084
authority,15,0.531841
authority,16,0.546475
authority,17,0.595368
authority,18,0.603805
authority,19,0.615274
authority,20,0.60824
authority,21,0.615455
authority,22,0.62534
authority,23,0.632927
authority,24,0.66339
authority,25,0.658322
authority,26,0.652234
authority,27,0.645452
authority,28,0.641494
authority,29,0.648387
authority,30,0.632427
authority,31,0.6349
autonomy,0,0.872716
autonomy,1,0.85007
autonomy,2,0.838916
autonomy,3,0.788707
autonomy,4,0.64125
autonomy,5,0.647288
autonomy,6,0.62765
autonomy,7,0.550866
autonomy,8,0.490206
autonomy,9,0.465205
autonomy,10,0.43762
autonomy,11,0.444336
autonomy,12,0.414106
autonomy,13,0.350017
autonomy,14,0.307721
autonomy,15,0.341126
autonomy,16,0.366692
autonomy,17,0.323123
autonomy,18,0.347796
autonomy,19,0.3268
autonomy,20,0.328857
autonomy,21,0.335003
autonomy,22,0.339407
autonomy,23,0.327162
autonomy,24,0.309624
autonomy,25,0.304006
autonomy,26,0.30411
autonomy,27,0.292133
autonomy,28,0.275152
autonomy,29,0.268748
autonomy,30,0.28691
autonomy,31,0.362112
care,0,0.912496
care,1,0.893144
care,2,0.852802
care,3,0.837856
care,4,0.736308
care,5,0.723799
care,6,0.706131
care,7,0.68084
care,8,0.672096
care,9,0.662256
care,10,0.656291
care,11,0.670299
care,12,0.712196
care,13,0.676549
care,14,0.388645
care,15,0.494041
care,16,0.524429
care,17,0.310344
care,18,0.291745
care,19,0.31638
care,20,0.307047
care,21,0.292832
care,22,0.270194
care,23,0.287617
care,24,0.198966
care,25,0.202322
care,26,0.193081
care,27,0.142913
care,28,0.115944
care,29,0.03796
care,30,0.072969
care,31,0.102866
collective_welfare,0,0.898438
collective_welfare,1,0.854426
collective_welfare,2,0.79855
collective_welfare,3,0.726871
collective_welfare,4,0.611888
collective_welfare,5,0.622473
collective_welfare,6,0.586037
collective_welfare,7,0.51962
collective_welfare,8,0.522589
collective_welfare,9,0.479516
collective_welfare,10,0.440451
collective_welfare,11,0.404165
collective_welfare,12,0.318285
collective_welfare,13,0.261404
collective_welfare,14,-0.017725
collective_welfare,15,0.092015
collective_welfare,16,0.230998
collective_welfare,17,0.078256
collective_welfare,18,0.112027
collective_welfare,19,0.182324
collective_welfare,20,0.205971
collective_welfare,21,0.204513
collective_welfare,22,0.196786
collective_welfare,23,0.220786
collective_welfare,24,0.201136
collective_welfare,25,0.218025
collective_welfare,26,0.238865
collective_welfare,27,0.217188
collective_welfare,28,0.204432
collective_welfare,29,0.148913
collective_welfare,30,0.207746
collective_welfare,31,0.277762
desert,0,0.888956
desert,1,0.853325
desert,2,0.80075
desert,3,0.732672
desert,4,0.654334
desert,5,0.652182
desert,6,0.658915
desert,7,0.656395
desert,8,0.612459
desert,9,0.570839
desert,10,0.558751
desert,11,0.559231
desert,12,0.484
desert,13,0.393494
desert,14,0.316731
desert,15,0.351938
desert,16,0.371607
desert,17,0.375141
desert,18,0.386839
desert,19,0.381645
desert,20,0.371052
desert,21,0.36336
desert,22,0.351179
desert,23,0.362399
desert,24,0.334156
desert,25,0.329717
desert,26,0.314902
desert,27,0.289319
desert,28,0.265935
desert,29,0.215205
desert,30,0.232156
desert,31,0.256144
fairness,0,0.919061
fairness,1,0.899029
fairness,2,0.856517
fairness,3,0.795765
fairness,4,0.674371
fairness,5,0.659795
fairness,6,0.668326
fairness,7,0.643336
fairness,8,0.597559
fairness,9,0.601795
fairness,10,0.585914
fairness,11,0.59495
fairness,12,0.540743
fairness,13,0.508364
fairness,14,0.409173
fairness,15,0.515812
fairness,16,0.544207
fairness,17,0.503487
fairness,18,0.51376
fairness,19,0.509504
fairness,20,0.518907
fairness,21,0.518298
fairness,22,0.508313
fairness,23,0.505803
fairness,24,0.482821
fairness,25,0.484094
fairness,26,0.47622
fairness,27,0.451437
fairness,28,0.436978
fairness,29,0.404884
fairness,30,0.411314
fairness,31,0.412264
harm_avoidance,0,0.911767
harm_avoidance,1,0.896906
harm_avoidance,2,0.87143
harm_avoidance,3,0.815977
harm_avoidance,4,0.755622
harm_avoidance,5,0.775113
harm_avoidance,6,0.759346
harm_avoidance,7,0.740802
harm_avoidance,8,0.698632
harm_avoidance,9,0.680723
harm_avoidance,10,0.67961
harm_avoidance,11,0.685033
harm_avoidance,12,0.730078
harm_avoidance,13,0.803251
harm_avoidance,14,0.761379
harm_avoidance,15,0.811631
harm_avoidance,16,0.831095
harm_avoidance,17,0.783389
harm_avoidance,18,0.787079
harm_avoidance,19,0.795898
harm_avoidance,20,0.79268
harm_avoidance,21,0.785409
harm_avoidance,22,0.769119
harm_avoidance,23,0.774268
harm_avoidance,24,0.755292
harm_avoidance,25,0.754811
harm_avoidance,26,0.744902
harm_avoidance,27,0.724212
harm_avoidance,28,0.718068
harm_avoidance,29,0.689317
harm_avoidance,30,0.701524
harm_avoidance,31,0.71402
honesty,0,0.873518
honesty,1,0.835642
honesty,2,0.766519
honesty,3,0.648281
honesty,4,0.544033
honesty,5,0.56087
honesty,6,0.551845
honesty,7,0.542408
honesty,8,0.493021
honesty,9,0.498523
honesty,10,0.463945
honesty,11,0.448211
honesty,12,0.40079
honesty,13,0.535042
honesty,14,0.591301
honesty,15,0.572081
honesty,16,0.625864
honesty,17,0.643382
honesty,18,0.647657
honesty,19,0.661778
honesty,20,0.65832
honesty,21,0.672015
honesty,22,0.656845
honesty,23,0.645391
honesty,24,0.647248
honesty,25,0.639986
honesty,26,0.624276
honesty,27,0.60594
honesty,28,0.597691
honesty,29,0.567821
honesty,30,0.583019
honesty,31,0.613127
impartiality,0,0.797077
impartiality,1,0.740128
impartiality,2,0.704343
impartiality,3,0.652755
impartiality,4,0.492721
impartiality,5,0.500877
impartiality,6,0.45016
impartiality,7,0.439067
impartiality,8,0.333833
impartiality,9,0.257176
impartiality,10,0.289737
impartiality,11,0.333582
impartiality,12,0.274167
impartiality,13,0.248452
impartiality,14,0.145819
impartiality,15,0.25582
impartiality,16,0.265223
impartiality,17,0.234478
impartiality,18,0.216154
impartiality,19,0.185812
impartiality,20,0.164232
impartiality,21,0.110409
impartiality,22,0.0761
impartiality,23,0.102023
impartiality,24,0.094355
impartiality,25,0.106805
impartiality,26,0.103587
impartiality,27,0.095479
impartiality,28,0.092512
impartiality,29,0.03888
impartiality,30,0.067589
impartiality,31,0.041848
integrity,0,0.865475
integrity,1,0.83346
integrity,2,0.829675
integrity,3,0.71967
integrity,4,0.720076
integrity,5,0.727746
integrity,6,0.729679
integrity,7,0.736764
integrity,8,0.736208
integrity,9,0.712652
integrity,10,0.681338
integrity,11,0.677148
integrity,12,0.633354
integrity,13,0.672378
integrity,14,0.342551
integrity,15,0.427276
integrity,16,0.51393
integrity,17,0.323831
integrity,18,0.293149
integrity,19,0.304035
integrity,20,0.279456
integrity,21,0.29373
integrity,22,0.245082
integrity,23,0.251891
integrity,24,0.19254
integrity,25,0.188761
integrity,26,0.155025
integrity,27,0.110702
integrity,28,0.075662
integrity,29,0.021566
integrity,30,0.056028
integrity,31,0.16955
kindness,0,0.891642
kindness,1,0.877572
kindness,2,0.823367
kindness,3,0.769006
kindness,4,0.725872
kindness,5,0.740481
kindness,6,0.734459
kindness,7,0.693882
kindness,8,0.660223
kindness,9,0.669584
kindness,10,0.63913
kindness,11,0.61362
kindness,12,0.542718
kindness,13,0.540406
kindness,14,0.406327
kindness,15,0.444612
kindness,16,0.496964
kindness,17,0.463552
kindness,18,0.454742
kindness,19,0.446614
kindness,20,0.429707
kindness,21,0.410915
kindness,22,0.367735
kindness,23,0.354862
kindness,24,0.33218
kindness,25,0.326802
kindness,26,0.319012
kindness,27,0.313501
kindness,28,0.313774
kindness,29,0.285295
kindness,30,0.297855
kindness,31,0.28281
loyalty,0,0.905484
loyalty,1,0.88053
loyalty,2,0.826943
loyalty,3,0.746925
loyalty,4,0.724364
loyalty,5,0.716517
loyalty,6,0.694627
loyalty,7,0.661999
loyalty,8,0.613788
loyalty,9,0.605261
loyalty,10,0.591997
loyalty,11,0.599472
loyalty,12,0.556182
loyalty,13,0.508381
loyalty,14,0.406514
loyalty,15,0.392764
loyalty,16,0.405484
loyalty,17,0.438951
loyalty,18,0.43373
loyalty,19,0.441206
loyalty,20,0.437241
loyalty,21,0.446939
loyalty,22,0.431093
loyalty,23,0.441063
loyalty,24,0.406008
loyalty,25,0.407458
loyalty,26,0.380095
loyalty,27,0.368914
loyalty,28,0.361437
loyalty,29,0.344685
loyalty,30,0.341839
loyalty,31,0.324051
mercy,0,0.925882
mercy,1,0.883906
mercy,2,0.867111
mercy,3,0.83172
mercy,4,0.774759
mercy,5,0.772847
mercy,6,0.74959
mercy,7,0.73597
mercy,8,0.686824
mercy,9,0.68401
mercy,10,0.683196
mercy,11,0.693618
mercy,12,0.663347
mercy,13,0.626693
mercy,14,0.572403
mercy,15,0.575268
mercy,16,0.568127
mercy,17,0.561624
mercy,18,0.560894
mercy,19,0.566414
mercy,20,0.548919
mercy,21,0.554413
mercy,22,0.548171
mercy,23,0.549386
mercy,24,0.528621
mercy,25,0.527594
mercy,26,0.52949
mercy,27,0.537527
mercy,28,0.542668
mercy,29,0.524561
mercy,30,0.528128
mercy,31,0.568687
privacy,0,0.848238
privacy,1,0.812472
privacy,2,0.790816
privacy,3,0.725414
privacy,4,0.639204
privacy,5,0.587912
privacy,6,0.587982
privacy,7,0.600077
privacy,8,0.550064
privacy,9,0.534151
privacy,10,0.514192
privacy,11,0.49495
privacy,12,0.551911
privacy,13,0.527936
privacy,14,0.339133
privacy,15,0.462962
privacy,16,0.463211
privacy,17,0.402312
privacy,18,0.389276
privacy,19,0.385018
privacy,20,0.344796
privacy,21,0.328485
privacy,22,0.302414
privacy,23,0.329249
privacy,24,0.308741
privacy,25,0.304252
privacy,26,0.289952
privacy,27,0.25502
privacy,28,0.264883
privacy,29,0.234672
privacy,30,0.235029
privacy,31,0.254229
sanctity,0,0.806133
sanctity,1,0.800072
sanctity,2,0.813942
sanctity,3,0.768534
sanctity,4,0.713438
sanctity,5,0.693668
sanctity,6,0.67403
sanctity,7,0.644284
sanctity,8,0.624362
sanctity,9,0.61948
sanctity,10,0.594322
sanctity,11,0.599271
sanctity,12,0.49091
sanctity,13,0.425801
sanctity,14,0.387031
sanctity,15,0.464941
sanctity,16,0.497303
sanctity,17,0.448932
sanctity,18,0.457494
sanctity,19,0.485234
sanctity,20,0.485516
sanctity,21,0.490769
sanctity,22,0.483746
sanctity,23,0.490498
sanctity,24,0.478257
sanctity,25,0.485623
sanctity,26,0.481278
sanctity,27,0.449619
sanctity,28,0.453788
sanctity,29,0.421969
sanctity,30,0.430491
sanctity,31,0.450403
tradition,0,0.908101
tradition,1,0.895505
tradition,2,0.87463
tradition,3,0.832794
tradition,4,0.766611
tradition,5,0.768234
tradition,6,0.774624
tradition,7,0.76156
tradition,8,0.716757
tradition,9,0.669186
tradition,10,0.652368
tradition,11,0.639496
tradition,12,0.568166
tradition,13,0.487214
tradition,14,0.585645
tradition,15,0.538819
tradition,16,0.565719
tradition,17,0.607834
tradition,18,0.647483
tradition,19,0.649247
tradition,20,0.662233
tradition,21,0.654186
tradition,22,0.653498
tradition,23,0.642392
tradition,24,0.662455
tradition,25,0.668584
tradition,26,0.674312
tradition,27,0.675539
tradition,28,0.670656
tradition,29,0.669419
tradition,30,0.655671
tradition,31,0.63296
