value,layer,raw_norm
authority,0,0.045541
authority,1,0.084466
authority,2,0.137698
authority,3,0.221129
authority,4,0.339956
authority,5,0.40052
authority,6,0.435523
authority,7,0.519857
authority,8,0.572723
authority,9,0.643113
authority,10,0.710282
authority,11,0.789658
authority,12,0.971202
authority,13,1.425867
authority,14,1.905544
authority,15,2.20027
authority,16,2.678638
authority,17,3.688553
authority,18,4.255799
authority,19,4.589405
authority,20,4.936089
authority,21,5.296216
authority,22,5.806506
authority,23,6.438507
authority,24,7.236953
authority,25,7.80979
authority,26,8.760838
authority,27,9.616057
authority,28,10.875647
authority,29,12.458249
authority,30,14.304645
authority,31,18.571648
autonomy,0,0.032598
autonomy,1,0.05336
autonomy,2,0.085808
autonomy,3,0.142454
autonomy,4,0.187971
autonomy,5,0.213415
autonomy,6,0.224115
autonomy,7,0.24462
autonomy,8,0.259567
autonomy,9,0.268961
autonomy,10,0.281334
autonomy,11,0.288583
autonomy,12,0.365458
autonomy,13,0.494717
autonomy,14,0.785158
autonomy,15,0.787455
autonomy,16,0.898057
autonomy,17,1.057446
autonomy,18,1.154327
autonomy,19,1.192006
autonomy,20,1.285487
autonomy,21,1.382476
autonomy,22,1.494358
autonomy,23,1.585449
autonomy,24,1.686741
autonomy,25,1.824244
autonomy,26,2.064818
autonomy,27,2.259783
autonomy,28,2.526134
autonomy,29,2.897758
autonomy,30,3.343327
autonomy,31,4.635127
care,0,0.042597
care,1,0.069331
care,2,0.10836
care,3,0.182138
care,4,0.23243
care,5,0.253616
care,6,0.274084
care,7,0.312437
care,8,0.347104
care,9,0.375308
care,10,0.406975
care,11,0.444968
care,12,0.633776
care,13,1.052214
care,14,1.504568
care,15,1.840995
care,16,2.147171
care,17,2.528678
care,18,2.639788
care,19,2.78751
care,20,2.937814
care,21,3.129263
care,22,3.279826
care,23,3.538931
care,24,3.677043
care,25,3.955791
care,26,4.399332
care,27,4.726875
care,28,5.229105
care,29,5.783786
care,30,6.531544
care,31,8.374285
collective_welfare,0,0.038778
collective_welfare,1,0.059079
collective_welfare,2,0.094667
collective_welfare,3,0.158172
collective_welfare,4,0.225758
collective_welfare,5,0.257769
collective_welfare,6,0.278755
collective_welfare,7,0.319827
collective_welfare,8,0.376923
collective_welfare,9,0.394434
collective_welfare,10,0.408218
collective_welfare,11,0.420322
collective_welfare,12,0.447996
collective_welfare,13,0.629212
collective_welfare,14,0.943567
collective_welfare,15,0.960236
collective_welfare,16,1.105814
collective_welfare,17,1.297098
collective_welfare,18,1.407475
collective_welfare,19,1.578508
collective_welfare,20,1.706639
collective_welfare,21,1.831328
collective_welfare,22,1.95979
collective_welfare,23,2.131236
collective_welfare,24,2.327628
collective_welfare,25,2.542792
collective_welfare,26,2.952749
collective_welfare,27,3.258408
collective_welfare,28,3.712037
collective_welfare,29,4.202176
collective_welfare,30,4.884622
collective_welfare,31,6.388344
desert,0,0.036928
desert,1,0.058952
desert,2,0.093155
desert,3,0.152286
desert,4,0.217836
desert,5,0.246248
desert,6,0.265835
desert,7,0.308942
desert,8,0.343451
desert,9,0.353617
desert,10,0.373223
desert,11,0.387079
desert,12,0.453787
desert,13,0.645712
desert,14,0.871832
desert,15,0.888914
desert,16,0.967801
desert,17,1.116698
desert,18,1.209574
desert,19,1.256108
desert,20,1.348407
desert,21,1.442264
desert,22,1.552305
desert,23,1.668551
desert,24,1.761042
desert,25,1.902203
desert,26,2.091986
desert,27,2.26766
desert,28,2.531421
desert,29,2.791787
desert,30,3.227351
desert,31,4.23126
fairness,0,0.043808
fairness,1,0.072025
fairness,2,0.112202
fairness,3,0.182242
fairness,4,0.255884
fairness,5,0.279807
fairness,6,0.302445
fairness,7,0.341125
fairness,8,0.370228
fairness,9,0.379203
fairness,10,0.38581
fairness,11,0.401119
fairness,12,0.46395
fairness,13,0.691239
fairness,14,0.865808
fairness,15,0.959888
fairness,16,1.070781
fairness,17,1.208959
fairness,18,1.293802
fairness,19,1.339703
fairness,20,1.437657
fairness,21,1.52566
fairness,22,1.612866
fairness,23,1.753569
fairness,24,1.861871
fairness,25,2.006714
fairness,26,2.234726
fairness,27,2.439172
fairness,28,2.709585
fairness,29,2.9976
fairness,30,3.487591
fairness,31,4.580434
harm_avoidance,0,0.042079
harm_avoidance,1,0.070465
harm_avoidance,2,0.108253
harm_avoidance,3,0.174781
harm_avoidance,4,0.255475
harm_avoidance,5,0.288202
harm_avoidance,6,0.312986
harm_avoidance,7,0.350162
harm_avoidance,8,0.39611
harm_avoidance,9,0.41735
harm_avoidance,10,0.463072
harm_avoidance,11,0.501874
harm_avoidance,12,0.692094
harm_avoidance,13,1.368267
harm_avoidance,14,2.274019
harm_avoidance,15,2.606419
harm_avoidance,16,3.049894
harm_avoidance,17,3.734345
harm_avoidance,18,3.944635
harm_avoidance,19,4.23887
harm_avoidance,20,4.491162
harm_avoidance,21,4.740896
harm_avoidance,22,4.946493
harm_avoidance,23,5.377718
harm_avoidance,24,5.729918
harm_avoidance,25,6.175669
harm_avoidance,26,6.857843
harm_avoidance,27,7.389117
harm_avoidance,28,8.223348
harm_avoidance,29,9.107862
harm_avoidance,30,10.385134
harm_avoidance,31,13.109328
honesty,0,0.046011
honesty,1,0.076454
honesty,2,0.120242
honesty,3,0.194639
honesty,4,0.258142
honesty,5,0.309746
honesty,6,0.339515
honesty,7,0.395486
honesty,8,0.436361
honesty,9,0.55713
honesty,10,0.583319
honesty,11,0.62262
honesty,12,0.725698
honesty,13,1.268932
honesty,14,1.777025
honesty,15,2.053996
honesty,16,2.492013
honesty,17,3.053205
honesty,18,3.259469
honesty,19,3.560362
honesty,20,3.874243
honesty,21,4.197125
honesty,22,4.372689
honesty,23,4.718962
honesty,24,5.10144
honesty,25,5.523181
honesty,26,6.066841
honesty,27,6.564406
honesty,28,7.373365
honesty,29,8.248446
honesty,30,9.420994
honesty,31,12.307394
impartiality,0,0.041078
impartiality,1,0.065201
impartiality,2,0.100109
impartiality,3,0.173686
impartiality,4,0.238727
impartiality,5,0.285233
impartiality,6,0.310836
impartiality,7,0.356159
impartiality,8,0.391086
impartiality,9,0.397508
impartiality,10,0.424139
impartiality,11,0.439352
impartiality,12,0.522028
impartiality,13,0.763837
impartiality,14,1.014979
impartiality,15,1.088559
impartiality,16,1.184132
impartiality,17,1.419144
impartiality,18,1.489372
impartiality,19,1.53944
impartiality,20,1.666817
impartiality,21,1.7436
impartiality,22,1.827509
impartiality,23,1.963243
impartiality,24,2.131679
impartiality,25,2.294757
impartiality,26,2.545209
impartiality,27,2.816952
impartiality,28,3.197051
impartiality,29,3.621899
impartiality,30,4.035973
impartiality,31,4.742318
integrity,0,0.030494
integrity,1,0.051414
integrity,2,0.080903
integrity,3,0.144329
integrity,4,0.220012
integrity,5,0.242391
integrity,6,0.257253
integrity,7,0.306246
integrity,8,0.350185
integrity,9,0.35826
integrity,10,0.368673
integrity,11,0.380026
integrity,12,0.522149
integrity,13,0.908842
integrity,14,1.522057
integrity,15,1.536178
integrity,16,1.783858
integrity,17,2.129639
integrity,18,2.152824
integrity,19,2.283734
integrity,20,2.379252
integrity,21,2.563332
integrity,22,2.638391
integrity,23,2.839259
integrity,24,2.97536
integrity,25,3.18794
integrity,26,3.505821
integrity,27,3.759496
integrity,28,4.136779
integrity,29,4.664111
integrity,30,5.267748
integrity,31,7.129657
kindness,0,0.035842
kindness,1,0.058138
kindness,2,0.087077
kindness,3,0.15327
kindness,4,0.222533
kindness,5,0.252605
kindness,6,0.275217
kindness,7,0.293184
kindness,8,0.313137
kindness,9,0.342133
kindness,10,0.349588
kindness,11,0.350985
kindness,12,0.385162
kindness,13,0.554974
kindness,14,0.674897
kindness,15,0.825013
kindness,16,0.998613
kindness,17,1.144095
kindness,18,1.184354
kindness,19,1.240833
kindness,20,1.313829
kindness,21,1.385887
kindness,22,1.449279
kindness,23,1.5449
kindness,24,1.605718
kindness,25,1.767087
kindness,26,1.948482
kindness,27,2.147646
kindness,28,2.438466
kindness,29,2.694961
kindness,30,3.111968
kindness,31,4.006333
loyalty,0,0.0414
loyalty,1,0.070382
loyalty,2,0.11107
loyalty,3,0.170549
loyalty,4,0.251518
loyalty,5,0.281416
loyalty,6,0.292613
loyalty,7,0.324156
loyalty,8,0.344825
loyalty,9,0.379912
loyalty,10,0.415111
loyalty,11,0.448708
loyalty,12,0.525842
loyalty,13,0.758467
loyalty,14,1.157594
loyalty,15,1.243708
loyalty,16,1.342575
loyalty,17,1.652466
loyalty,18,1.744742
loyalty,19,1.891142
loyalty,20,2.050005
loyalty,21,2.210375
loyalty,22,2.376785
loyalty,23,2.563895
loyalty,24,2.698824
loyalty,25,2.925705
loyalty,26,3.22962
loyalty,27,3.559516
loyalty,28,3.949912
loyalty,29,4.474249
loyalty,30,5.200226
loyalty,31,6.640367
mercy,0,0.044117
mercy,1,0.067821
mercy,2,0.10648
mercy,3,0.182793
mercy,4,0.242148
mercy,5,0.268788
mercy,6,0.288981
mercy,7,0.328171
mercy,8,0.333566
mercy,9,0.365752
mercy,10,0.388168
mercy,11,0.399511
mercy,12,0.436324
mercy,13,0.602325
mercy,14,1.08268
mercy,15,1.100725
mercy,16,1.164803
mercy,17,1.544853
mercy,18,1.670189
mercy,19,1.735533
mercy,20,1.785436
mercy,21,1.923334
mercy,22,2.096641
mercy,23,2.206237
mercy,24,2.391095
mercy,25,2.559139
mercy,26,2.884192
mercy,27,3.268343
mercy,28,3.760167
mercy,29,4.372673
mercy,30,4.848166
mercy,31,6.49572
privacy,0,0.035505
privacy,1,0.05805
privacy,2,0.09356
privacy,3,0.15756
privacy,4,0.238627
privacy,5,0.258271
privacy,6,0.280107
privacy,7,0.319198
privacy,8,0.338018
privacy,9,0.360347
privacy,10,0.38772
privacy,11,0.395309
privacy,12,0.502484
privacy,13,0.68953
privacy,14,1.097297
privacy,15,1.251882
privacy,16,1.361424
privacy,17,1.735861
privacy,18,1.893153
privacy,19,1.944141
privacy,20,2.026542
privacy,21,2.129144
privacy,22,2.244914
privacy,23,2.423071
privacy,24,2.679111
privacy,25,2.859732
privacy,26,3.16614
privacy,27,3.482688
privacy,28,3.981973
privacy,29,4.654711
privacy,30,5.083379
privacy,31,6.45943
sanctity,0,0.024964
sanctity,1,0.043465
sanctity,2,0.074857
sanctity,3,0.126067
sanctity,4,0.191549
sanctity,5,0.202517
sanctity,6,0.216044
sanctity,7,0.247746
sanctity,8,0.281396
sanctity,9,0.293745
sanctity,10,0.302556
sanctity,11,0.319684
sanctity,12,0.368139
sanctity,13,0.485269
sanctity,14,0.631359
sanctity,15,0.810516
sanctity,16,0.962897
sanctity,17,1.105669
sanctity,18,1.195423
sanctity,19,1.27265
sanctity,20,1.345419
sanctity,21,1.422864
sanctity,22,1.502106
sanctity,23,1.632316
sanctity,24,1.735709
sanctity,25,1.878054
sanctity,26,2.120288
sanctity,27,2.26809
sanctity,28,2.547703
sanctity,29,2.858903
sanctity,30,3.323517
sanctity,31,4.389438
tradition,0,0.035532
tradition,1,0.0603
tradition,2,0.098214
tradition,3,0.169158
tradition,4,0.244313
tradition,5,0.266519
tradition,6,0.289566
tradition,7,0.329745
tradition,8,0.346217
tradition,9,0.351113
tradition,10,0.352771
tradition,11,0.357216
tradition,12,0.416399
tradition,13,0.590714
tradition,14,1.239577
tradition,15,1.179669
tradition,16,1.310877
tradition,17,1.699923
tradition,18,1.918744
tradition,19,2.076708
tradition,20,2.27088
tradition,21,2.417174
tradition,22,2.608907
tradition,23,2.762994
tradition,24,3.040511
tradition,25,3.320738
tradition,26,3.73274
tradition,27,4.138112
tradition,28,4.63424
tradition,29,5.384064
tradition,30,6.096091
tradition,31,7.610649
